time,ensemble,pfaf_id,Rainf_tavg,Qair_f_tavg,Qs_tavg,Evap_tavg,Tair_f_tavg,SoilMoist_inst_lvl_0,SoilMoist_inst_lvl_1,SoilMoist_inst_lvl_2,SoilMoist_inst_lvl_3,SoilTemp_inst_lvl_0,SoilTemp_inst_lvl_1,SoilTemp_inst_lvl_2,SoilTemp_inst_lvl_3,Streamflow_tavg
2024-12-31T00:00:00,1.0,67201,3.5515635013580322,13.298612594604492,0.04361353814601898,2.2789852619171143,21.768381118774414,0.2522720396518707,0.2448718398809433,0.2295202910900116,0.2384853959083557,24.847211837768555,23.6430721282959,22.912233352661133,22.31450080871582,4.779781341552734
2024-12-31T00:00:00,2.0,67201,3.8587613105773926,13.374500274658203,0.04322570934891701,2.1927406787872314,21.715776443481445,0.2512393295764923,0.23806673288345337,0.22479818761348724,0.23679286241531372,24.750244140625,23.618000030517578,22.962261199951172,22.362415313720703,5.153735637664795
2024-12-31T00:00:00,3.0,67201,2.904587745666504,12.99135684967041,0.03155926242470741,2.1785483360290527,21.716978073120117,0.247524693608284,0.24309201538562775,0.22898416221141815,0.23868821561336517,24.804290771484375,23.55790138244629,22.879295349121094,22.311843872070312,5.134042739868164
2024-12-31T00:00:00,4.0,67201,3.990697145462036,13.471508979797363,0.061422333121299744,2.1944422721862793,21.805099487304688,0.2509751319885254,0.23813213407993317,0.22474990785121918,0.2370997816324234,24.79794692993164,23.640289306640625,22.95311164855957,22.35024642944336,5.5015645027160645
2024-12-31T00:00:00,5.0,67201,2.953263521194458,13.127626419067383,0.028987009078264236,2.1416776180267334,21.725221633911133,0.24612998962402344,0.239847332239151,0.22563660144805908,0.23785513639450073,24.80063247680664,23.580551147460938,22.904197692871094,22.32341194152832,5.300461769104004
2024-12-31T00:00:00,6.0,67201,3.912555694580078,13.34086799621582,0.04416482523083687,2.321483612060547,21.60921859741211,0.2604913115501404,0.24949009716510773,0.23324771225452423,0.24005962908267975,24.549848556518555,23.45720863342285,22.824810028076172,22.287370681762695,5.7161641120910645
2024-12-31T00:00:00,7.0,67201,3.6969330310821533,13.26578140258789,0.04464523494243622,2.191293239593506,21.686471939086914,0.2535600960254669,0.2439720332622528,0.22796344757080078,0.23886743187904358,24.690608978271484,23.51938247680664,22.866018295288086,22.31523895263672,6.5284247398376465
2025-01-31T00:00:00,1.0,67201,4.007961750030518,13.374642372131348,0.05602283775806427,2.2484421730041504,21.687461853027344,0.2698706388473511,0.25454920530319214,0.2428431361913681,0.24728479981422424,24.301040649414062,23.280527114868164,22.742412567138672,22.278841018676758,9.505168914794922
2025-01-31T00:00:00,2.0,67201,4.340855598449707,13.437857627868652,0.0798567607998848,2.159099578857422,21.370384216308594,0.2762925922870636,0.2599581480026245,0.24847479164600372,0.2516491413116455,23.955453872680664,23.000234603881836,22.54781150817871,22.20176887512207,11.768657684326172
2025-01-31T00:00:00,3.0,67201,2.09928297996521,12.497713088989258,0.02162182703614235,1.9488469362258911,21.587352752685547,0.22763994336128235,0.2221677154302597,0.21503712236881256,0.23417514562606812,24.625606536865234,23.346607208251953,22.73726463317871,22.240320205688477,3.630511999130249
2025-01-31T00:00:00,4.0,67201,2.5986268520355225,13.420941352844238,0.03230641782283783,2.1204631328582764,21.923076629638672,0.2561788260936737,0.2457205206155777,0.23683741688728333,0.24537630379199982,24.643539428710938,23.49173927307129,22.837753295898438,22.299455642700195,8.17432975769043
2025-01-31T00:00:00,5.0,67201,3.4986002445220947,13.101879119873047,0.045109402388334274,2.1719627380371094,21.69486427307129,0.25049471855163574,0.2364349514245987,0.2219642698764801,0.23675581812858582,24.488693237304688,23.350120544433594,22.76576805114746,22.286529541015625,6.099135875701904
2025-01-31T00:00:00,6.0,67201,3.501227617263794,13.390508651733398,0.046533308923244476,2.3069870471954346,21.822744369506836,0.2648681402206421,0.25008144974708557,0.2401418387889862,0.2466701716184616,24.47153091430664,23.37891387939453,22.721240997314453,22.194713592529297,8.522439002990723
2025-01-31T00:00:00,7.0,67201,4.755025863647461,13.364912986755371,0.10162538290023804,2.2058866024017334,21.65578842163086,0.27092573046684265,0.25563156604766846,0.24511703848838806,0.25048962235450745,24.286909103393555,23.270626068115234,22.710847854614258,22.230464935302734,10.698490142822266
2025-02-28T00:00:00,1.0,67201,2.7169718742370605,13.546734809875488,0.0381779782474041,2.1945254802703857,22.15443992614746,0.263072669506073,0.24749276041984558,0.24287094175815582,0.25550395250320435,24.749053955078125,23.665258407592773,22.90169334411621,22.22967529296875,8.907462120056152
2025-02-28T00:00:00,2.0,67201,4.228013515472412,13.595793724060059,0.10418801754713058,2.195376396179199,21.703617095947266,0.27900317311286926,0.26252225041389465,0.25722867250442505,0.2720635235309601,24.176015853881836,23.165990829467773,22.493892669677734,21.97517967224121,14.086006164550781
2025-02-28T00:00:00,3.0,67201,4.48089599609375,13.891921997070312,0.10854096710681915,2.2611141204833984,22.050325393676758,0.26986047625541687,0.24505068361759186,0.22882325947284698,0.24077042937278748,24.580047607421875,23.547264099121094,22.802772521972656,22.20395278930664,8.790249824523926
2025-02-28T00:00:00,4.0,67201,1.8615487813949585,12.889902114868164,0.018959812819957733,1.832463026046753,22.01481819152832,0.24100857973098755,0.23177874088287354,0.22716526687145233,0.2431948184967041,24.825767517089844,23.654325485229492,22.97608757019043,22.34718132019043,6.886676788330078
2025-02-28T00:00:00,5.0,67201,4.153932571411133,13.570720672607422,0.0633542537689209,2.2162411212921143,21.739566802978516,0.2752070426940918,0.2538529634475708,0.24037477374076843,0.24857677519321442,24.194442749023438,23.258153915405273,22.666109085083008,22.169883728027344,11.058917999267578
2025-02-28T00:00:00,6.0,67201,3.2445735931396484,13.484075546264648,0.04905153438448906,2.105919122695923,21.82373809814453,0.2695024013519287,0.25279557704925537,0.24571944773197174,0.2567996084690094,24.38006591796875,23.3896427154541,22.757768630981445,22.197023391723633,10.690400123596191
2025-02-28T00:00:00,7.0,67201,5.596202373504639,14.11844253540039,0.22209414839744568,2.17867374420166,21.5034236907959,0.2923286259174347,0.2692481577396393,0.26066160202026367,0.2765547037124634,23.87861442565918,23.056865692138672,22.551969528198242,22.1044921875,15.296751022338867
2025-03-31T00:00:00,1.0,67201,2.319941997528076,13.37746810913086,0.023865660652518272,1.9096345901489258,22.361003875732422,0.24848626554012299,0.2356775403022766,0.23332488536834717,0.25261613726615906,25.14643669128418,24.013975143432617,23.156301498413086,22.393495559692383,6.6909499168396
2025-03-31T00:00:00,2.0,67201,4.441426753997803,13.459957122802734,0.15418648719787598,2.142202615737915,21.842002868652344,0.2749967575073242,0.25879934430122375,0.2547032833099365,0.2777042090892792,24.44137191772461,23.446435928344727,22.717880249023438,22.063133239746094,12.341540336608887
2025-03-31T00:00:00,3.0,67201,4.839273929595947,13.922164916992188,0.12609712779521942,2.0106656551361084,21.823631286621094,0.2776544690132141,0.2581237554550171,0.24664220213890076,0.26242607831954956,24.47679901123047,23.60980796813965,22.945140838623047,22.28212547302246,12.769230842590332
2025-03-31T00:00:00,4.0,67201,4.6188645362854,13.754143714904785,0.14995111525058746,1.7959179878234863,21.87220573425293,0.2657449245452881,0.24589301645755768,0.23688431084156036,0.25131091475486755,24.593061447143555,23.6007022857666,22.926572799682617,22.32164192199707,12.561796188354492
2025-03-31T00:00:00,5.0,67201,5.295286655426025,13.907547950744629,0.29889386892318726,2.1347551345825195,21.61914825439453,0.28584450483322144,0.26495400071144104,0.25262120366096497,0.26793110370635986,24.127605438232422,23.236879348754883,22.584508895874023,22.064598083496094,13.93903636932373
2025-03-31T00:00:00,6.0,67201,3.4341607093811035,13.102322578430176,0.10229254513978958,1.8556643724441528,21.83254623413086,0.26161739230155945,0.24840161204338074,0.24387243390083313,0.26194608211517334,24.5605525970459,23.49094581604004,22.754310607910156,22.14485740661621,10.15521240234375
2025-03-31T00:00:00,7.0,67201,5.575671195983887,14.359067916870117,0.29585906863212585,2.299375057220459,21.59208106994629,0.30407652258872986,0.28650766611099243,0.2737446129322052,0.29969698190689087,23.967090606689453,23.109363555908203,22.45622444152832,21.975738525390625,20.840431213378906
2025-04-30T00:00:00,1.0,67201,2.2559173107147217,13.173650741577148,0.03544814884662628,1.7725526094436646,22.375213623046875,0.24462731182575226,0.23361985385417938,0.23136401176452637,0.2513778805732727,25.417932510375977,24.27541160583496,23.408161163330078,22.609609603881836,6.036357402801514
2025-04-30T00:00:00,2.0,67201,2.338670492172241,13.082051277160645,0.04357542842626572,1.9075523614883423,21.763280868530273,0.2670634984970093,0.25924304127693176,0.25655800104141235,0.28555864095687866,24.6456356048584,23.539154052734375,22.752460479736328,22.13517189025879,12.808073043823242
2025-04-30T00:00:00,3.0,67201,2.185258626937866,13.138117790222168,0.02830248884856701,1.7889583110809326,21.81105613708496,0.2599310576915741,0.24968910217285156,0.2449135035276413,0.2700474262237549,24.727760314941406,23.655351638793945,22.9073486328125,22.292085647583008,9.770129203796387
2025-04-30T00:00:00,4.0,67201,3.7434935569763184,13.796077728271484,0.11850392818450928,1.9436365365982056,21.839319229125977,0.2754530906677246,0.25560593605041504,0.24798251688480377,0.2688521444797516,24.61085319519043,23.6701602935791,22.94304847717285,22.327056884765625,12.341536521911621
2025-04-30T00:00:00,5.0,67201,3.0854265689849854,13.513717651367188,0.09777312725782394,2.0042662620544434,21.578067779541016,0.27926692366600037,0.26845449209213257,0.2586505115032196,0.28593432903289795,24.40067481994629,23.392587661743164,22.67123794555664,22.087623596191406,12.52649974822998
2025-04-30T00:00:00,6.0,67201,2.6254451274871826,13.132912635803223,0.05922168493270874,1.7378695011138916,21.94109344482422,0.2549266219139099,0.24358870089054108,0.2425466626882553,0.266836017370224,24.911727905273438,23.83936309814453,23.060470581054688,22.327333450317383,8.898038864135742
2025-04-30T00:00:00,7.0,67201,4.382909297943115,14.027392387390137,0.18045233190059662,2.218599319458008,21.685203552246094,0.2956250011920929,0.2856941223144531,0.2746221423149109,0.3021298348903656,24.285118103027344,23.351444244384766,22.627656936645508,22.019853591918945,16.454593658447266
2025-05-31T00:00:00,1.0,67201,0.7909169793128967,12.143327713012695,0.005748471710830927,1.3870258331298828,22.19585418701172,0.21457691490650177,0.22146713733673096,0.22397907078266144,0.2468312531709671,25.833145141601562,24.26970672607422,23.400239944458008,22.6755313873291,4.102913856506348
2025-05-31T00:00:00,2.0,67201,2.047346353530884,12.548798561096191,0.08201240748167038,1.6956597566604614,21.36617088317871,0.25502392649650574,0.24988192319869995,0.2501094341278076,0.2797430157661438,24.606433868408203,23.419015884399414,22.764978408813477,22.202054977416992,6.825345993041992
2025-05-31T00:00:00,3.0,67201,0.869693398475647,11.9360990524292,0.009749620221555233,1.594665765762329,21.488189697265625,0.23316313326358795,0.2356363981962204,0.23629230260849,0.2638307213783264,24.952272415161133,23.596391677856445,22.887348175048828,22.3063907623291,4.689530849456787
2025-05-31T00:00:00,4.0,67201,0.7095828056335449,12.142094612121582,0.0037717409431934357,1.4733130931854248,21.53449058532715,0.22920210659503937,0.2355799674987793,0.23593290150165558,0.2642669081687927,25.109670639038086,23.71773338317871,22.95631980895996,22.3338623046875,4.46054744720459
2025-05-31T00:00:00,5.0,67201,0.8924655914306641,12.475107192993164,0.005485811270773411,1.5418641567230225,21.409027099609375,0.24124523997306824,0.24727168679237366,0.24565201997756958,0.2749757170677185,24.84818458557129,23.521562576293945,22.75349998474121,22.121789932250977,4.9302978515625
2025-05-31T00:00:00,6.0,67201,0.4813361167907715,11.66026782989502,0.0009328969172202051,1.3917361497879028,21.61182975769043,0.217420294880867,0.2264653742313385,0.23141707479953766,0.2600589096546173,25.237131118774414,23.727052688598633,22.963809967041016,22.350133895874023,4.08585786819458
2025-05-31T00:00:00,7.0,67201,0.7210423350334167,12.442276000976562,0.0038935753982514143,1.6833667755126953,21.74382781982422,0.24437473714351654,0.2569286525249481,0.2562895119190216,0.28376784920692444,25.094791412353516,23.680776596069336,22.854755401611328,22.154592514038086,5.798221588134766
