time,ensemble,pfaf_id,Rainf_tavg,Qair_f_tavg,Qs_tavg,Evap_tavg,Tair_f_tavg,SoilMoist_inst_lvl_0,SoilMoist_inst_lvl_1,SoilMoist_inst_lvl_2,SoilMoist_inst_lvl_3,SoilTemp_inst_lvl_0,SoilTemp_inst_lvl_1,SoilTemp_inst_lvl_2,SoilTemp_inst_lvl_3,Streamflow_tavg
2026-05-31T00:00:00,1.0,62292,5.516114711761475,17.589204788208008,0.008705622516572475,3.431344509124756,25.298166275024414,0.33755818009376526,0.3411026895046234,0.35038697719573975,0.37761837244033813,26.45250129699707,25.931901931762695,25.563447952270508,25.354774475097656,106225.7578125
2026-05-31T00:00:00,2.0,62292,5.57888126373291,17.534984588623047,0.009129640646278858,3.442963123321533,25.2762508392334,0.3374422490596771,0.3409443795681,0.3501477837562561,0.3772490918636322,26.429122924804688,25.9102840423584,25.548166275024414,25.349454879760742,106225.3359375
2026-05-31T00:00:00,3.0,62292,4.931667804718018,16.346994400024414,0.007927960716187954,3.4224390983581543,24.599271774291992,0.3349861204624176,0.3387407064437866,0.34838584065437317,0.37552309036254883,25.714536666870117,25.35495376586914,25.279781341552734,25.273897171020508,106235.4140625
2026-05-31T00:00:00,4.0,62292,5.474226951599121,17.284664154052734,0.00967729464173317,3.4304356575012207,25.132354736328125,0.3372846245765686,0.34082886576652527,0.3501335382461548,0.3773176074028015,26.280664443969727,25.807716369628906,25.52447509765625,25.350793838500977,106230.1796875
2026-05-31T00:00:00,5.0,62292,5.377557754516602,17.2327938079834,0.008588873781263828,3.4291393756866455,25.092498779296875,0.33682477474212646,0.34038734436035156,0.34969961643218994,0.37681910395622253,26.243444442749023,25.779640197753906,25.50982666015625,25.352962493896484,106228.1796875
2026-05-31T00:00:00,6.0,62292,5.110041618347168,16.803997039794922,0.008093766868114471,3.422147750854492,24.790367126464844,0.3355340361595154,0.33910566568374634,0.34848445653915405,0.3753821551799774,25.906749725341797,25.452068328857422,25.243602752685547,25.230281829833984,106227.203125
2026-05-31T00:00:00,7.0,62292,5.051701068878174,16.785953521728516,0.008012272417545319,3.4155683517456055,24.879474639892578,0.33557990193367004,0.3392697870731354,0.34883224964141846,0.3760374188423157,25.996606826782227,25.574024200439453,25.38947105407715,25.312692642211914,106203.2578125
2026-06-30T00:00:00,1.0,62292,5.295534133911133,17.13250732421875,0.00971279852092266,3.3345353603363037,25.043790817260742,0.33432939648628235,0.3372513949871063,0.34504005312919617,0.3687339127063751,26.04410743713379,25.590728759765625,25.386756896972656,25.30744743347168,104039.140625
2026-06-30T00:00:00,2.0,62292,4.103540897369385,15.739341735839844,0.006630292162299156,3.28715181350708,24.32896614074707,0.32840293645858765,0.33164364099502563,0.3398972451686859,0.3628248870372772,25.190444946289062,24.859722137451172,24.92523956298828,25.103229522705078,104040.6640625
2026-06-30T00:00:00,3.0,62292,4.465452671051025,16.274688720703125,0.0072575886733829975,3.268247604370117,24.560386657714844,0.3288858234882355,0.3316192924976349,0.33869388699531555,0.3598221242427826,25.367633819580078,24.857891082763672,24.639179229736328,24.734134674072266,104018.8359375
2026-06-30T00:00:00,4.0,62292,4.680857181549072,17.14253807067871,0.006981080863624811,3.268622636795044,25.04207992553711,0.3318916857242584,0.3349226415157318,0.3427618145942688,0.36586642265319824,25.99577522277832,25.511289596557617,25.261024475097656,25.200571060180664,104041.8671875
2026-06-30T00:00:00,5.0,62292,4.619680404663086,16.617921829223633,0.006833699066191912,3.273735761642456,24.771278381347656,0.3313851058483124,0.33447325229644775,0.3424697518348694,0.36575233936309814,25.66631507873535,25.221622467041016,25.069149017333984,25.110498428344727,104079.8515625
2026-06-30T00:00:00,6.0,62292,4.293063640594482,15.7999849319458,0.007435264065861702,3.304783582687378,24.291810989379883,0.32924047112464905,0.33234483003616333,0.34011995792388916,0.36233198642730713,25.18429183959961,24.883895874023438,24.912614822387695,24.994335174560547,103802.484375
2026-06-30T00:00:00,7.0,62292,4.539285182952881,16.309133529663086,0.008323611691594124,3.2673065662384033,24.572277069091797,0.32968050241470337,0.33246368169784546,0.33973920345306396,0.36143842339515686,25.436180114746094,24.99083709716797,24.854034423828125,24.955751419067383,103666.3203125
2026-07-31T00:00:00,1.0,62292,3.9433062076568604,16.494361877441406,0.005716271232813597,3.3375089168548584,24.88120460510254,0.3272020220756531,0.330189973115921,0.33772793412208557,0.3590017557144165,25.76313591003418,25.28285789489746,25.05282974243164,25.039247512817383,92376.0
2026-07-31T00:00:00,2.0,62292,3.0968024730682373,14.889267921447754,0.004137746524065733,3.30273699760437,24.144630432128906,0.31739869713783264,0.3196755349636078,0.3255997896194458,0.3426179587841034,24.684764862060547,24.202577590942383,24.060226440429688,24.284826278686523,92170.40625
2026-07-31T00:00:00,3.0,62292,3.7048823833465576,16.79258918762207,0.005089751444756985,3.3599445819854736,25.373001098632812,0.32257217168807983,0.32478800415992737,0.3306669294834137,0.34840860962867737,26.05959129333496,25.44782257080078,24.978435516357422,24.750978469848633,92271.9921875
2026-07-31T00:00:00,4.0,62292,3.607247829437256,15.421011924743652,0.005382945295423269,3.3604273796081543,24.345216751098633,0.3236750066280365,0.32663607597351074,0.33401498198509216,0.35423940420150757,25.120031356811523,24.768030166625977,24.80646324157715,24.984981536865234,92399.515625
2026-07-31T00:00:00,5.0,62292,4.178699970245361,16.550981521606445,0.007073753047734499,3.366363525390625,24.989791870117188,0.3262810707092285,0.3286018967628479,0.33482009172439575,0.353866845369339,25.814571380615234,25.265243530273438,24.931316375732422,24.85042953491211,93119.7421875
2026-07-31T00:00:00,6.0,62292,4.223755836486816,15.850287437438965,0.00795983150601387,3.3828792572021484,24.576309204101562,0.3239456117153168,0.3258836269378662,0.3313896358013153,0.3490403890609741,25.30217170715332,24.77159309387207,24.459123611450195,24.46470069885254,91113.765625
2026-07-31T00:00:00,7.0,62292,3.1255671977996826,15.1289701461792,0.003846424166113138,3.2925169467926025,24.200525283813477,0.3188914358615875,0.3214084506034851,0.32787615060806274,0.3458186388015747,24.806739807128906,24.310182571411133,24.148155212402344,24.316320419311523,91686.0390625
2026-08-31T00:00:00,1.0,62292,3.204756259918213,17.051532745361328,0.0037273496855050325,3.58599853515625,26.088932037353516,0.3171115219593048,0.3192698359489441,0.3251352608203888,0.3417975902557373,26.802366256713867,26.119651794433594,25.504411697387695,25.13400650024414,76063.4921875
2026-08-31T00:00:00,2.0,62292,3.2183220386505127,16.585159301757812,0.00479577761143446,3.667095184326172,26.383760452270508,0.3101472556591034,0.31144994497299194,0.3150883615016937,0.3271763324737549,26.827455520629883,26.04832649230957,25.249483108520508,24.69213104248047,75111.453125
2026-08-31T00:00:00,3.0,62292,3.7970404624938965,16.483980178833008,0.0068257697857916355,3.6093430519104004,25.6550350189209,0.31969475746154785,0.3215249180793762,0.3264189064502716,0.341484010219574,26.441274642944336,25.87139320373535,25.441387176513672,25.147504806518555,76811.6328125
2026-08-31T00:00:00,4.0,62292,2.9387550354003906,16.64190673828125,0.0032325750216841698,3.5918431282043457,26.214672088623047,0.3108251988887787,0.31259170174598694,0.317731112241745,0.332651287317276,26.68807029724121,25.891847610473633,25.112058639526367,24.721364974975586,76479.4375
2026-08-31T00:00:00,5.0,62292,3.6685144901275635,16.76838493347168,0.0057379561476409435,3.6418309211730957,25.87539291381836,0.31983527541160583,0.32194435596466064,0.32751888036727905,0.3439597189426422,26.63822364807129,26.02278709411621,25.49393653869629,25.14038848876953,78587.796875
2026-08-31T00:00:00,6.0,62292,3.2792415618896484,15.456844329833984,0.004708281718194485,3.5741424560546875,25.105180740356445,0.31672999262809753,0.31870245933532715,0.3240799605846405,0.33966073393821716,25.65886878967285,24.974536895751953,24.53002166748047,24.416366577148438,74093.171875
2026-08-31T00:00:00,7.0,62292,3.781898260116577,16.600440979003906,0.006028646137565374,3.664177656173706,25.897621154785156,0.3158201575279236,0.3168436586856842,0.32027530670166016,0.3330220580101013,26.578556060791016,25.889385223388672,25.234251022338867,24.766136169433594,75059.6484375
2026-09-30T00:00:00,1.0,62292,2.989237070083618,15.75904655456543,0.004889040254056454,3.9687442779541016,26.669923782348633,0.3048955202102661,0.30604133009910583,0.3094358742237091,0.320660799741745,27.036285400390625,26.364898681640625,25.895584106445312,25.605485916137695,61720.03515625
2026-09-30T00:00:00,2.0,62292,2.44480037689209,14.66649341583252,0.0031183890532702208,4.040731906890869,27.165637969970703,0.29221880435943604,0.2931073307991028,0.29513755440711975,0.30374059081077576,27.083520889282227,26.30616569519043,25.69736671447754,25.329631805419922,60917.0078125
2026-09-30T00:00:00,3.0,62292,3.758319854736328,16.949399948120117,0.006752850022166967,3.982614517211914,26.986249923706055,0.31240880489349365,0.31271350383758545,0.3151639699935913,0.3263085186481476,27.50871467590332,26.714990615844727,25.951231002807617,25.443744659423828,62221.07421875
2026-09-30T00:00:00,4.0,62292,2.2851977348327637,16.51417350769043,0.002496486296877265,3.98671555519104,28.07261848449707,0.29201555252075195,0.29329752922058105,0.2961709201335907,0.3056049942970276,28.134464263916016,27.237316131591797,26.32381820678711,25.599599838256836,61918.91796875
2026-09-30T00:00:00,5.0,62292,2.023813247680664,16.053171157836914,0.0016390358796343207,3.9516055583953857,27.447694778442383,0.29652640223503113,0.29910537600517273,0.30475863814353943,0.3182049095630646,27.595935821533203,26.74433135986328,25.98024559020996,25.495756149291992,64454.0
2026-09-30T00:00:00,6.0,62292,3.097975254058838,16.859281539916992,0.004017178900539875,3.9820096492767334,27.526113510131836,0.3043098449707031,0.30456414818763733,0.30698561668395996,0.3176213502883911,27.773094177246094,26.854345321655273,25.887611389160156,25.1532039642334,59872.1015625
2026-09-30T00:00:00,7.0,62292,2.950854539871216,15.668095588684082,0.004243470262736082,4.03892707824707,27.157390594482422,0.3009631037712097,0.3021130859851837,0.3052084147930145,0.31597670912742615,27.368925094604492,26.589170455932617,25.877119064331055,25.344646453857422,60719.140625
2026-10-31T00:00:00,1.0,62292,2.5941004753112793,14.992728233337402,0.003313007764518261,4.375875949859619,28.248384475708008,0.2854994535446167,0.2844071090221405,0.2840341329574585,0.2891320586204529,28.204105377197266,27.200300216674805,26.348072052001953,25.786577224731445,49557.67578125
2026-10-31T00:00:00,2.0,62292,4.053515434265137,16.484153747558594,0.007323700003325939,4.305042266845703,27.97307014465332,0.2926090955734253,0.28741466999053955,0.2783036530017853,0.2751311957836151,28.364761352539062,27.468294143676758,26.657291412353516,25.990034103393555,49274.75
2026-10-31T00:00:00,3.0,62292,3.6481504440307617,16.748085021972656,0.006529850885272026,4.3023834228515625,27.663738250732422,0.3069208264350891,0.3062759339809418,0.3059464395046234,0.3120874762535095,28.23354721069336,27.347280502319336,26.60308265686035,26.03315544128418,49910.90234375
2026-10-31T00:00:00,4.0,62292,3.5613253116607666,16.409860610961914,0.005478715058416128,4.344334602355957,28.46996307373047,0.2884809374809265,0.28340473771095276,0.2755782902240753,0.27472394704818726,28.715938568115234,27.811302185058594,27.029943466186523,26.40199089050293,49432.34375
2026-10-31T00:00:00,5.0,62292,3.8956997394561768,17.11343002319336,0.007150803226977587,4.201251983642578,27.886680603027344,0.29535001516342163,0.29118257761001587,0.28503307700157166,0.286160945892334,28.459218978881836,27.60272979736328,26.83353614807129,26.188907623291016,51889.015625
2026-10-31T00:00:00,6.0,62292,3.260971784591675,15.987432479858398,0.005191696807742119,4.314443111419678,28.00063133239746,0.29388004541397095,0.29170873761177063,0.2887146472930908,0.29237544536590576,28.274940490722656,27.388134002685547,26.644588470458984,26.036014556884766,48087.453125
2026-10-31T00:00:00,7.0,62292,3.0920684337615967,16.16187286376953,0.004689467139542103,4.309534072875977,28.36562728881836,0.28967297077178955,0.28725504875183105,0.284542977809906,0.28882530331611633,28.62632179260254,27.64769744873047,26.76384735107422,26.07320213317871,49058.4296875
